component,value
w1_mental_health_harm,0.2571016042112665
w2_sleep_harm,0.2248549589900616
w3_conflict_harm,0.2541869450510988
w4_addiction_harm,0.26385649174757303
pca_explained_variance_ratio,0.868007812166443
