Persona,Count,Share
The Social Warrior,236,0.3347517730496454
The Doomscroller,186,0.26382978723404255
The Quiet Addict,183,0.25957446808510637
The Balanced User,100,0.14184397163120568
