Cluster_ID,Avg_Daily_Usage_Hours,Sleep_Hours_Per_Night,Mental_Health_Score,Conflicts_Over_Social_Media,Addicted_Score,Persona
0,6.432258064516129,5.589784946236559,4.99462365591398,4.03225806451613,8.25268817204301,The Doomscroller
1,4.256830601092896,7.6,7.076502732240437,2.1420765027322397,5.207650273224043,The Quiet Addict
2,5.009745762711864,6.742372881355932,5.817796610169491,3.038135593220339,7.029661016949152,The Social Warrior
3,3.0999999999999996,8.209,7.9300000000000015,1.4999999999999996,3.9099999999999997,The Balanced User
