Most_Used_Platform,Harm_Index
WhatsApp,0.693581697511608
Snapchat,0.6638434460867096
TikTok,0.5339197185193375
Instagram,0.036879828083919736
KakaoTalk,-0.016072815021247272
YouTube,-0.21177444996601213
WeChat,-0.2994489858180679
Facebook,-0.45114889741061776
Twitter,-0.4550557382968366
VKontakte,-0.8205669937252544
LinkedIn,-1.4495472137527619
LINE,-1.771454608209985
