model_name,term,Coef.,Std.Err.,t,P>|t|,[0.025,0.975]
RQ2_Academic_Level_Interaction,Avg_Daily_Usage_Hours,0.5874771591423403,0.02000596302833009,29.365102710148186,8.188870853830057e-123,0.5481958619335905,0.6267584563510902
RQ2_Academic_Level_Interaction,Avg_Daily_Usage_Hours:C(Academic_Level)[T.High School],0.19905268015931935,0.10739101318936639,1.853532006522023,0.06424162461546214,-0.011807366950964543,0.40991272726960326
RQ2_Academic_Level_Interaction,Avg_Daily_Usage_Hours:C(Academic_Level)[T.Undergraduate],-0.01627422078996746,0.026274464120600787,-0.6193930622245298,0.535866142215962,-0.06786359105224493,0.03531514947231001
